{
	"$type": "contentModule",
	"friendlyName": "Search results (COPY)",
	"name": "search-result-container",
	"description": "Search results is used on a search results and category page to show the list of products for a search term or category. It also includes refiners, pagination and sort options.",
	"categories": [
		"Products",
		"Search",
		"Category"
	],
	"dataActions": {
		"products": {
			"path": "./actions/get-full-products-by-collection"
		},
		"category": {
			"path": "@msdyn365-commerce-modules/retail-actions/dist/lib/get-current-category"
		},
		"listPageState": {
			"path": "./list-page-state"
		},
		"categoryHierarchy": {
			"path": "@msdyn365-commerce-modules/retail-actions/dist/lib/get-current-category-hierarchy",
			"runOn": "server"
		},
		"searchConfiguration": {
			"path": "./actions/get-mapped-search-configuration"
		},
		"refiners": {
			"path": "./actions/get-refiners-for-collection"
		},
		"featureProduct": {
			"path": "@msdyn365-commerce-modules/retail-actions/dist/lib/get-selected-variant"
		}
	},
	"config": {
		"itemsPerPage": {
			"friendlyName": "Items per page",
			"description": "Number of items to be displayed per page",
			"type": "number",
			"minimum": 0,
			"scope": "module"
		},
		"allowBackNavigation": {
			"friendlyName": "Allow back on PDP",
			"description": "If set to true, back link will be displayed on PDP breadcrumb",
			"type": "boolean",
			"default": false,
			"scope": "module"
		},
		"imageSettings": {
			"friendlyName": "Image settings",
			"description": "Image settings for product items",
			"type": "imageSettings"
		},
		"className": {
			"friendlyName": "Custom CSS class name",
			"description": "Provide a custom css class name defined in the theme pack to target the CSS for this module",
			"type": "string",
			"default": ""
		},
		"expandRefinersCount": {
			"friendlyName": "Expand Refiners",
			"type": "string",
			"description": "Number of Refiner Menu should be expanded on load",
			"enum": {
				"all": "All",
				"one": "1",
				"two": "2",
				"three": "3",
				"four": "4"
			},
			"default": "all"
		},
		"disableHierarchy": {
			"friendlyName": "Hide category hierarchy display",
			"description": "If set to true, the default category hierarchy will not be displayed",
			"type": "boolean",
			"default": false,
			"scope": "module"
		},
		"includeAttributes": {
			"friendlyName": "Include product attributes in search results",
			"description": "Search results API response includes product attributes when this setting is turned on. Attributes will not be displayed in the user interface but will be available in the response",
			"type": "boolean",
			"default": false,
			"scope": "module"
		}
	},
	"resources": {
		"noResultsForRefinersText": {
			"value": "No products found for the selected criteria.",
			"comment": "Message to display when no products are returned with applied refinement criteria"
		},
		"resultCategoryNotFoundText": {
			"value": "No products found for the selected category",
			"comment": "Result not found text for category page"
		},
		"resultSearchNotFoundText": {
			"value": "No products found for the given search term",
			"comment": "Result not found text for search page"
		},
		"paginationAriaLabel": {
			"value": "Page navigation example",
			"comment": "Text for pagination aria label"
		},
		"priceFree": {
			"value": "Free",
			"comment": "Text to show when product is free"
		},
		"originalPriceText": {
			"comment": "String that corresponds to the original price screen reader text",
			"value": "Original price"
		},
		"currentPriceText": {
			"comment": "String that corresponds to the current price screen reader text",
			"value": "Current price"
		},
		"ratingAriaLabel": {
			"value": "Average {0} of {1} stars",
			"comment": "Text to inform the average rating where {0} and {1} are the ranges"
		},
		"flipperNext": {
			"comment": "flipperNext config value",
			"value": "Next"
		},
		"flipperPrevious": {
			"comment": "flipperPrevious config value",
			"value": "Previous"
		},
		"searchTextPrefix": {
			"comment": "Sets the prefix to the search text to display as the collection title if a search was performed",
			"value": "Results for "
		},
		"numberOfProducts": {
			"comment": "String to define the number of products returned found for a search term",
			"value": "{0} products"
		},
		"oneProduct": {
			"comment": "String to define the only one product being returned for search",
			"value": "1 product"
		},
		"categoryLinkAriaLabel": {
			"comment": "Aria-Label text for links to other categories within the hierarchy",
			"value": "Go To:"
		},
		"sortByDropdownLabel": {
			"comment": "Label used for the sort-by dropdown",
			"value": "Sort by:"
		},
		"sortByOptionNameAsc": {
			"comment": "Text used for the sort-by dropdown option of name A-Z",
			"value": "Name: A to Z"
		},
		"sortByOptionNameDesc": {
			"comment": "Text used for the sort-by dropdown option of name Z-A",
			"value": "Name: Z to A"
		},
		"sortByOptionPriceAsc": {
			"comment": "Text used for the sort-by dropdown option of price low-high",
			"value": "Price: Low to High"
		},
		"sortByOptionPriceDesc": {
			"comment": "Text used for the sort-by dropdown option of price high-low",
			"value": "Price: High to Low"
		},
		"sortByOptionRatingDesc": {
			"comment": "Text used for the sort-by dropdown option of rating high-low",
			"value": "Rating: High to Low"
		},
		"sortByOptionRelevanceDesc": {
			"comment": "Text used for the sort-by dropdown option of relevance high-low",
			"value": "Relevance"
		},
		"placeholderTextMax": {
			"comment": "Placeholder text to display on the maximum input box for input range refiners",
			"value": "No Max"
		},
		"minLabel": {
			"comment": "Label to display with the minimum input box for input range refiners",
			"value": "Min"
		},
		"maxLabel": {
			"comment": "Label to display with the maximum input box for input range refiners",
			"value": "Max"
		},
		"rangeNameFormat": {
			"comment": "Format of name to display on range refiner min-max groups",
			"value": "{0} Range"
		},
		"validationErrorNotNumber": {
			"comment": "Error message to display when a value entered for range refiner min-max is non-numeric",
			"value": "Input should be a number"
		},
		"validationErrorNotRange": {
			"comment": "Error message to display when a value entered for range refiner min-max results in an invalid range",
			"value": "Invalid range: minimum should be less than maximum"
		},
		"clearAllText": {
			"comment": "Text on the button that clears all selected choices, often Clear All or Reset Filters",
			"value": "Clear all"
		},
		"choiceSummaryLabel": {
			"comment": "Optional text to display next to the summary of choices when there is at least one choice selected",
			"value": ""
		},
		"choiceFormat": {
			"comment": "Format of choice to display, where {0} is the name of the refiner and {1} is the refiner value",
			"value": "{1}"
		},
		"choiceRangeValueFormat": {
			"comment": "Format of choice value to display when it specifies a range, where {0} is the minimum value and {1} is the maximum value",
			"value": "{0}-{1}"
		},
		"choiceAriaLabel": {
			"value": "button press enter and space key to remove filter",
			"comment": "Text to show for choice summary aria label"
		},
		"modalTitle": {
			"comment": "Text display as modal title.",
			"value": "Sort & filter"
		},
		"modalCloseButtonText": {
			"comment": "Text display on the button used to close the sort and filter modal.",
			"value": "Close"
		},
		"minValueSliderThumbAriaLabel": {
			"comment": "Aria-label for the min value slider thumb in rangeRefineItem",
			"value": "Minimum price"
		},
		"maxValueSliderThumbAriaLabel": {
			"comment": "Aria-label for the max value slider thumb in rangeRefineItem",
			"value": "Maximum price"
		},
		"featureSimilarLooksTitle": {
			"comment": "Text display on the search feature module as title",
			"value": "Similar Looks to"
		}
	}
}
