{
	"$type": "contentModule",
	"friendlyName": "Media gallery (COPY)",
	"name": "media-gallery",
	"description": "Media gallery is used for showcasing images of a product in a product details page",
	"categories": [
		"media-gallery"
	],
	"dataActions": {
		"product": {
			"path": "@msdyn365-commerce-modules/retail-actions/dist/lib/get-selected-variant"
		},
		"mediaLocations": {
			"path": "@msdyn365-commerce-modules/retail-actions/dist/lib/get-media-locations-by-id"
		}
	},
	"config": {
		"imageSource": {
			"friendlyName": "Image source",
			"description": "Default will be Page context, it automatically picks images associated with a product on the buy box",
			"type": "string",
			"enum": {
				"pageContext": "PageContext",
				"productId": "ProductId"
			},
			"required": false,
			"default": "pageContext"
		},
		"productId": {
			"type": "string",
			"friendlyName": "Product id",
			"description": "This field captures the product id for which you want to show images in a gallery. It should be used only when Image source is Product id",
			"required": false
		},
		"imageZoom": {
			"friendlyName": "Image zoom",
			"description": "Image zoom",
			"type": "string",
			"enum": {
				"inline": "Inline",
				"container": "Container"
			},
			"default": "",
			"scope": "module"
		},
		"dataScale": {
			"friendlyName": "Zoom factor",
			"description": "To enhance the zoom",
			"type": "string",
			"default": "1.5"
		},
		"allowFullScreen": {
			"friendlyName": "Full screen",
			"description": "Full screen",
			"type": "boolean",
			"default": false,
			"required": false
		},
		"images": {
			"friendlyName": "Images",
			"description": "Allows images to be curated to the gallery from Media library",
			"type": "array",
			"items": {
				"type": "image"
			}
		},
		"thumbnailsOrientation": {
			"friendlyName": "Thumbnails orientation",
			"description": "Sets the desired orientation of the thumbnails strips",
			"type": "string",
			"enum": {
				"vertical": "Vertical",
				"horizontal": "Horizontal"
			},
			"default": "vertical",
			"scope": "module"
		},
		"thumbnailImageSettings": {
			"friendlyName": "Thumbnail image quality",
			"description": "Image settings for the thumbnails",
			"type": "imageSettings"
		},
		"galleryImageSettings": {
			"friendlyName": "Gallery image quality",
			"description": "Image settings for the main gallery",
			"type": "imageSettings"
		},
		"showPaginationTooltip": {
			"friendlyName": "Show Media Gallery pagination tooltip",
			"description": "Enable/Disable the tooltip of the Media Gallery pagination indicators",
			"type": "boolean",
			"default": false,
			"required": false
		},
		"className": {
			"friendlyName": "Custom CSS class name",
			"description": "Provide a custom css class name defined in the theme pack to target the CSS for this module",
			"type": "string",
			"default": ""
		}
	},
	"resources": {
		"nextScreenshotFlipperText": {
			"comment": "The label for the 'next screenshot' flipper",
			"value": "Next"
		},
		"previousScreenshotFlipperText": {
			"comment": "The label which is shown on 'previous screenshot' flipper",
			"value": "Previous"
		},
		"fullScreenTitleText": {
			"comment": "To show the title on media gallery image fullscreen",
			"value": "fullscreen"
		}
	}
}
