{
	"$type": "contentModule",
	"friendlyName": "Search (COPY)",
	"name": "search",
	"description": "Search allows to find products across the ecommerce site catalog",
	"categories": [
		"Header",
		"Search"
	],
	"dataActions": {
		"searchState": {
			"path": "@msdyn365-commerce-modules/search-utilities/dist/lib/search-state-data-action",
			"runOn": "client"
		}
	},
	"config": {
		"suggestionTypeCriterion": {
			"friendlyName": "Search suggestion types.",
			"description": "Allows product, keyword and category search results, choose default if you want all options",
			"type": "array",
			"items": {
				"$ref": "@msdyn365-commerce-modules/definitions/dist/src/SuggestionTypeItem.json#/definitions/suggestionTypeItem"
			}
		},
		"topResultsCount": {
			"friendlyName": "Number of results",
			"description": "Fetch top n number of results for earch search type",
			"type": "number",
			"default": 5,
			"minimum": 0,
			"maximum": 30,
			"scope": "module"
		},
		"imageSettings": {
			"friendlyName": "Auto suggest Image Settings",
			"description": "Image settings for auto suggest",
			"type": "imageSettings"
		},
		"hideSearchLabel": {
			"friendlyName": "Hide search label",
			"description": "Hides the search label on the search box",
			"type": "boolean",
			"default": false,
			"scope": "module"
		},
		"disableSubmitSearch": {
			"friendlyName": "Hide search button",
			"description": "Hides the search button on the search box",
			"type": "boolean",
			"default": false,
			"scope": "module"
		},
		"searchplaceholderText": {
			"friendlyName": "Search place holder",
			"description": "Text for search place holder",
			"type": "string",
			"scope": "module"
		},
		"className": {
			"friendlyName": "Custom CSS class name",
			"description": "Provide a custom css class name defined in the theme pack to target the CSS for this module",
			"type": "string",
			"default": ""
		}
	},
	"resources": {
		"searchtext": {
			"comment": "Search label text",
			"value": "Search"
		},
		"searchLabelArialLabel": {
			"comment": "Text for search label aria label",
			"value": "Search collapsed"
		},
		"cancelBtnAriaLabel": {
			"comment": "Text for cancel button aria label",
			"value": "Cancel"
		},
		"searchBtnAriaLabel": {
			"comment": "Text for search button aria label",
			"value": "Search"
		},
		"submitBtnAriaLabel": {
			"comment": "Text for submit button aria label",
			"value": "Submit search"
		},
		"autoSuggestFoundMessage": {
			"comment": "Autosuggest response message for aria label",
			"value": "Autosuggest results are available"
		},
		"noAutoSuggestionMessage": {
			"comment": "Empty autosuggest response message for aria label",
			"value": "No autosuggest results are available"
		},
		"productSuggestionHeading": {
			"comment": "Product suggestion type search results list heading title",
			"value": "Go to products"
		},
		"categorySuggestionHeading": {
			"comment": "Category suggestion type search results list heading title",
			"value": "Search {0} in categories"
		}
	}
}
