{
    "$type": "contentModule",
    "friendlyName": "sale",
    "name": "sale",
    "description": "Please add meaningful description for authoring",
    "categories": ["sale"],
    "tags": ["Additional tags go here"],
    "dataActions": {        
    },    
    "config": {
        "showText": {
            "friendlyName": "showText",
            "description": "example config value",
            "type": "string",
            "default": "Example Config Value",
            "scope": "module",
            "group": "Layout Properties"
        }
    },
    "resources": {
        "resourceKey": {
            "comment": "resource description",
            "value": "resource value"
        }
    }
}