{
    "modules": {
        "hello-world": {
            "properties": {
                "layout1": {
                    "friendlyName": "Wide",
                    "description": "Wide",
                    "type": "layout",
                    "properties": {
                        "bgImage": {
                            "friendlyName": "Background Image",
                            "description": "Background Image",
                            "type": "imageSizes",
                            "properties": {
                                "sm": {
                                    "width": 767,
                                    "height": 431
                                },
                                "lg": {
                                    "width": 1259,
                                    "height": 472
                                }
                            }
                        },
                        "headingImageSettings": {
                            "friendlyName": "Heading images",
                            "description": "Heading Image",
                            "type": "imageSizes",
                            "properties": {
                                "xs": {
                                    "width": 539,
                                    "height": 303
                                },
                                "sm": {
                                    "width": 767,
                                    "height": 431
                                },
                                "md": {
                                    "width": 1083,
                                    "height": 609
                                },
                                "lg": {
                                    "width": 1259,
                                    "height": 472
                                },
                                "xl": {
                                    "width": 1259,
                                    "height": 472
                                }
                            }
                        }
                    }
                }
            }
        },
        "media-gallery": {
            "properties": {
                "vertical": {
                    "friendlyName": "Vertical",
                    "description": "Vertical",
                    "type": "layout",
                    "properties": {
                        "thumbnailImageSettings": {
                            "friendlyName": "Thumbnail Image Settings",
                            "description": "Image settings for the thumbnails",
                            "type": "imageSizes",
                            "properties": {
                                "sm": {
                                    "width": 100,
                                    "height": 0
                                },
                                "lg": {
                                    "width": 100,
                                    "height": 0
                                },
                                "xl": {
                                    "width": 100,
                                    "height": 0
                                }
                            }
                        },
                        "galleryImageSettings": {
                            "friendlyName": "Gallery Image Settings",
                            "description": "Image settings for the main gallery",
                            "type": "imageSizes",
                            "properties": {
                                "xs": {
                                    "width": 767,
                                    "height": 767
                                },
                                "sm": {
                                    "width": 600,
                                    "height": 600
                                },
                                "md": {
                                    "width": 600,
                                    "height": 772
                                },
                                "lg": {
                                    "width": 528,
                                    "height": 528
                                },
                                "xl": {
                                    "width": 0,
                                    "height": 772
                                }
                            }
                        }
                    }
                }
            }
        }
    },
    "gridSettings": {
        "xs": 767,
        "sm": 991,
        "md": 1199,
        "lg": 1599,
        "xl": 1600
    }
}
