{
	"id": "R1Module1",
	"config": {
		"hideSearchLabel": "true",
		"autoSuggestEnabled": "true",
		"defaultSearchUrl": "https://www.microsoft.com/en-us/search",
		"searchPlaceholderText": "Search Microsoft.com",
		"searchQueryStringParameter": "q",
		"searchText": "Search",
		"cancelText": "Cancel"
	},
	"apiSettings": {
		"baseUrl": "https://rushec-tie-topaz4a3a309f5438ce85ret.cloudax.test.dynamics.com/",
		"channelId": 68719478279,
		"catalogId": 0,
		"oun": "128",
		"baseImageUrl": "https://cms-ppe-imageresizer-mr.trafficmanager.net/cms/api/fabrikamsb/imageFileData/search?fileName=/",
		"ratingsReviewsEndpoint": "https://1ecbd55c-8dc7-4f18-86f6-d79af7b78a85.rnr-ppe.ms",
		"rnr": {
			"id": "1ecbd55c-8dc7-4f18-86f6-d79af7b78a85",
			"url": "https://1ecbd55c-8dc7-4f18-86f6-d79af7b78a85.rnr-ppe.ms"
		}
	},
	"typeName": "search"
}
