{
	"$type": "contentModule",
	"friendlyName": "Navigation menu (COPY)",
	"name": "navigation-menu",
	"description": "Navigation menu items represent the product browsing hierarchy and other static links to pages  ",
	"categories": [
		"Header",
		"Navigation"
	],
	"dataActions": {
		"categories": {
			"path": "@msdyn365-commerce-modules/retail-actions/dist/lib/get-categories-hierarchy"
		}
	},
	"config": {
		"categoryImageSettings": {
			"friendlyName": "category image quality",
			"description": "Image settings category",
			"type": "imageSettings"
		},
		"displayCategoryImage": {
			"friendlyName": "Show category images",
			"description": "Show category images",
			"type": "boolean",
			"default": false,
			"required": false
		},
		"navigationMenuSource": {
			"friendlyName": "Source for navigation menu",
			"description": "Shows navigation menu items from retail server or CMS tool or both",
			"type": "string",
			"enum": {
				"retailServerOnly": "Retail Server",
				"cmsOnly": "Manual Authoring",
				"all": "From both Retail Server and Manual Authoring"
			},
			"default": "all",
			"scope": "module"
		},
		"cmsNavItems": {
			"type": "array",
			"friendlyName": "Static menu items",
			"description": "If source allows manual authoring, you can configure the menu items",
			"items": {
				"$ref": "@msdyn365-commerce-modules/definitions/dist/src/MenuItem.json#/definitions/menuItem"
			}
		},
		"className": {
			"friendlyName": "Custom CSS class name",
			"description": "Provide a custom css class name defined in the theme pack to target the CSS for this module",
			"type": "string",
			"default": ""
		}
	},
	"resources": {
		"menuAriaLabel": {
			"comment": "aria label for main menu",
			"value": "Menu"
		},
		"backButtonAriaLabel": {
			"comment": "aria label for back button",
			"value": "Back"
		},
		"allCategoryMenuText": {
			"comment": "Menu text for all categories",
			"value": "All"
		}
	}
}
