{
  "exception": null,
  "pageRoot": {
    "id": "core-root_n0bnuc8",
    "typeName": "core-root",
    "modules": {
      "htmlHead": [{
        "data": {
          "sharingImage": {
            "href": "http://www.example.org"
          }
        },
        "id": "defaultPageSummary__0",
        "config": {
          "title": "Page Title",
          "description": "Page Description",
          "keywords": "page, keywords, test"
        },
        "typeName": "default-page-summary"
      }],
      "bodyBegin": [],
      "body": [{
        "id": "page",
        "config": {
          "pageTheme": "sample-theme-1"
        },
        "typeName": "default-page",
        "modules": {
          "header": [{
            "id": "HeaderModule",
            "config": {
              "renderWithContainer": true,
              "cssOverrides": "",
              "logoLink": {
                "linkUrl": {
                  "destinationUrl": "/fedev",
                  "type": "externalLink"
                }
              },
              "logoImage": {
                "$type": "image",
                "_id": "MAiIhU",
                "src": "https://cms-ppe-imageresizer-mr.trafficmanager.net/cms/api/fabrikamsb/imageFileData/MAiIhV",
                "altText": "fabrikam",
                "copyright": "",
                "binaryHash": "zsDVVIqCDbkGaw7eITavoA==",
                "title": "Fabrikam logo",
                "imageSettings": {
                  "quality": 80,
                  "lazyload": true,
                  "viewports": {
                    "xs": {
                      "w": 132,
                      "h": 40,
                      "q": "w=132&h=40&q=80&m=6&f=jpg"
                    },
                    "lg": {
                      "w": 160,
                      "h": 48,
                      "q": "w=160&h=48&q=80&m=6&f=jpg"
                    },
                    "xl": {
                      "w": 160,
                      "h": 48,
                      "q": "w=160&h=48&q=80&m=6&f=jpg"
                    }
                  }
                }
              }
            },
            "resources": {
              "mobileHamburgerAriaLabel": "Menu expand to see list of Menu items"
            },
            "typeName": "header",
            "modules": {}
          }],
          "primary": [{
              "id": "index-carousel",
              "config": {
                "showText": "Example Config Value"
              },
              "data": {
                "actionResponse": {
                  "text": "Sample Action Response"
                }
              },
              "typeName": "index-carousel"
            },
            {
              "id": "index-person-information",
              "typeName": "index-person-information",
              "config": {
              }
            }
          ],
          "footer": [{
            "id": "R1Module1",
            "config": {
              "showText": "Example Config Value"
            },
            "data": {
              "actionResponse": {
                "text": "Sample Action Response"
              }
            },
            "typeName": "footer"
          }]
        }
      }],
      "bodyEnd": [],
      "app": []
    }
  },
  "renderingContext": {
    "gridSettings": {
      "xs": {
        "w": 767
      },
      "sm": {
        "w": 991
      },
      "md": {
        "w": 1199
      },
      "lg": {
        "w": 1599
      },
      "xl": {
        "w": 1600
      }
    },
    "staticContext": {
      "staticCdnUrl": "/_scnr/"
    },
    "user": {
      "token": "<TOKEN>",
      "isAuthenticated": true,
      "signInUrl": "https://dev.fabrikam.com/fedev/_msdyn365/signin",
      "signOutUrl": "https://dev.fabrikam.com/fedev/_msdyn365/signout",
      "signUpUrl": "https://dev.fabrikam.com/fedev/_msdyn365/signup",
      "editProfileUrl": "https://dev.fabrikam.com/fedev/_msdyn365/editprofile",
      "signinName": "<User Name>",
      "firstName": "<User First Name>",
      "lastName": "<User Last Name>",
      "tenantId": "",
      "customerAccountNumber": "<User Account Number(HQ)>",
      "name": "<User Name>",
      "emailAddress": "<User Email Address>"
    },
    "locale": "en-us"
  }
}