{
	"$type": "containerModule",
	"friendlyName": "Buybox (COPY)",
	"name": "buybox",
	"description": "Buybox module",
	"categories": [
		"Product details",
		"Buybox"
	],
	"dataActions": {
		"product": {
			"path": "@msdyn365-commerce-modules/retail-actions/dist/lib/get-selected-variant"
		},
		"productDimensions": {
			"path": "@msdyn365-commerce-modules/retail-actions/dist/lib/get-dimensions-for-selected-variant"
		},
		"storeSelectorStateManager": {
			"path": "@msdyn365-commerce-modules/bopis-utilities/dist/lib/store-selector-state-manager/store-selector-state-manager-data-action"
		},
		"productPrice": {
			"path": "@msdyn365-commerce-modules/retail-actions/dist/lib/get-price-for-selected-variant"
		},
		"deliveryOptions": {
			"path": "@msdyn365-commerce-modules/retail-actions/dist/lib/get-delivery-options-for-selected-variant"
		},
		"ratingsSummary": {
			"path": "@msdyn365-commerce-modules/retail-actions/dist/lib/get-ratings-summary",
			"runOn": "client"
		},
		"cart": {
			"path": "@msdyn365-commerce/global-state/dist/lib/data-actions/cart-state-data-action",
			"runOn": "server"
		},
		"orderTemplates": {
			"path": "@msdyn365-commerce-modules/retail-actions/dist/lib/order-templates/get-order-templates-preview",
			"runOn": "client"
		},
		"wishlists": {
			"path": "@msdyn365-commerce-modules/retail-actions/dist/lib/get-wishlist-by-customer-id"
		},
		"productAvailableQuantity": {
			"path": "@msdyn365-commerce-modules/retail-actions/dist/lib/get-product-availabilities-for-selected-variant",
			"runOn": "server"
		},
		"customerInformation": {
			"path": "@msdyn365-commerce-modules/retail-actions/dist/lib/get-customer"
		}
	},
	"config": {
		"titleHeadingTag": {
			"friendlyName": "Heading tag",
			"type": "string",
			"description": "Tag to give the heading",
			"enum": {
				"h1": "h1",
				"h2": "h2",
				"h3": "h3",
				"h4": "h4",
				"h5": "h5",
				"h6": "h6"
			},
			"default": "h1",
			"scope": "module"
		},
		"className": {
			"friendlyName": "Custom CSS class name",
			"description": "Provide a custom css class name defined in the theme pack to target the CSS for this module",
			"type": "string",
			"default": ""
		},
		"enableShopSimilarLooks": {
			"friendlyName": "Enable Shop Similar Looks Link",
			"type": "boolean",
			"description": "Flag to show Shop Similar Looks Link",
			"default": false,
			"scope": "module"
		}
	},
	"slots": {
		"mediaGallery": {
			"friendlyName": "Media Gallery",
			"description": "This the slot for the media gallery",
			"max": 1,
			"min": 0,
			"allowedTypes": [
				"media-gallery"
			]
		},
		"storeSelector": {
			"friendlyName": "Store Selector",
			"description": "Store Selector to use with the Find In Store component",
			"max": 1,
			"min": 0,
			"allowedTypes": [
				"store-selector"
			]
		},
		"textBlocks": {
			"friendlyName": "Text Blocks",
			"description": "Additional text blocks that can be added in the view",
			"max": 10,
			"min": 0,
			"allowedTypes": [
				"text-block"
			]
		},
		"socialShare": {
			"friendlyName": "Social Share",
			"description": "This the slot for the social share",
			"max": 1,
			"min": 0,
			"allowedTypes": [
				"social-share"
			]
		}
	},
	"resources": {
		"findInStoreLinkText": {
			"value": "在商店中查找",
			"comment": "Button text for the find in store section"
		},
		"findInStoreHeaderText": {
			"value": "Buy now, pick up in a store",
			"comment": "Heading text for the find in store section"
		},
		"findInStoreDescriptionText": {
			"value": "Search for product availability at stores within 50 miles of you.",
			"comment": "Description text for the find in store section"
		},
		"priceFree": {
			"value": "免费",
			"comment": "Text to show when product is free"
		},
		"originalPriceText": {
			"comment": "String that corresponds to the original price screen reader text",
			"value": "原价"
		},
		"currentPriceText": {
			"comment": "String that corresponds to the current price screen reader text",
			"value": "现价"
		},
		"addToCartText": {
			"value": "加入购物车",
			"comment": "Text to show on add to cart button"
		},
		"outOfStockText": {
			"value": "暂无现货",
			"comment": "Text to show when out of stock"
		},
		"averageRatingAriaLabel": {
			"comment": "The aria label used for the average rating value",
			"value": "平均 {0}/{1} 星"
		},
		"selectDimensionFormatString": {
			"value": "选择一个 {0}",
			"comment": "Text to show indicating user should select a dimension (i.e. 'Choose a color')"
		},
		"productDimensionTypeColor": {
			"value": "颜色",
			"comment": "String that corresponds to the Color Product Dimension Type (1)"
		},
		"productDimensionTypeConfiguration": {
			"value": "格式",
			"comment": "String that corresponds to the Configuration Product Dimension Type (2)"
		},
		"productDimensionTypeSize": {
			"value": "尺寸",
			"comment": "String that corresponds to the Size Product Dimension Type (3)"
		},
		"productDimensionTypeStyle": {
			"value": "样式",
			"comment": "String that corresponds to the Style Product Dimension Type (4)"
		},
		"addToWishlistButtonText": {
			"value": "收藏",
			"comment": "Text for add to wishlist button"
		},
		"removeFromWishlistButtonText": {
			"value": "从收藏中移除",
			"comment": "Text for remove from wishlist button"
		},
		"nameOfWishlist": {
			"value": "我的收藏",
			"comment": "Name given to wishlist while creating it"
		},
		"inputQuantityAriaLabel": {
			"value": "购买数量",
			"comment": "Aria label for the input quantity"
		},
		"addToWishlistMessage": {
			"value": "收藏成功",
			"comment": "Text for showing for adding item to your wishlist message"
		},
		"removedFromWishlistMessage": {
			"value": "取消收藏成功",
			"comment": "Text for showing removing item from your wishlist"
		},
		"addItemToWishlistError": {
			"value": "无法将该产品添加到收藏",
			"comment": "For showing error message on adding item from wishlist"
		},
		"removeItemFromWishlistError": {
			"value": "无法取消收藏该产品",
			"comment": "For showing error message on removing from wishlist"
		},
		"productQuantityHeading": {
			"value": "数量",
			"comment": "Heading/label for the quantity input"
		},
		"errorMessageOutOfStock": {
			"value": "此产品没有现货",
			"comment": "Error message to show when product is out of stock"
		},
		"errorMessageOutOfRangeOneLeft": {
			"value": "仅剩一种产品，请在可用范围内选择数量",
			"comment": "Error message to show when quantity selected is more than the quantity left, and only one product is left"
		},
		"errorMessageOutOfRangeFormat": {
			"value": "仅剩 {numLeft} 个产品。 请在可用范围内选择数量",
			"comment": "Error message to show when quantity selected is more than the quantity left. {numLeft} is the number of products left."
		},
		"productDimensionTypeColorErrorMessage": {
			"value": "颜色是必选项，请选择",
			"comment": "Error string to show when the user has not selected a color"
		},
		"productDimensionTypeConfigurationErrorMessage": {
			"value": "格式是必选项，请选择",
			"comment": "Error string to show when the user has not selected a configuration"
		},
		"productDimensionTypeSizeErrorMessage": {
			"value": "尺寸是必选项，请选择",
			"comment": "Error string to show when the user has not selected a size"
		},
		"productDimensionTypeStyleErrorMessage": {
			"value": "样式是必选项，请选择",
			"comment": "Error string to show when the user has not selected a style"
		},
		"addToCartLoadingText": {
			"value": "正在添加至购物车",
			"comment": "Error string to show when the user has not selected a style"
		},
		"buyboxErrorMessageHeader": {
			"value": "出现了一些问题",
			"comment": "Header text for the error message region"
		},
		"addedToCartFailureMessage": {
			"value": "添加到购物车失败，请刷新并重试",
			"comment": "Message to show when add to cart fails"
		},
		"maxQuantityLimitText": {
			"value": "您最多只能添加{quantity}个商品添加到购物车中",
			"comment": "String to show message that you've reached max quantity {quantity} is the max quantity"
		},
		"createOrderTemplateHeader": {
			"value": "Create an order template",
			"comment": "Text for create order template dialog header"
		},
		"orderTemplateTitle": {
			"value": "Order template title",
			"comment": "Text for create order template dialog title"
		},
		"orderTemplateNameAriaLabel": {
			"value": "Order template title",
			"comment": "Text for create order template dialog template name input aria label"
		},
		"createOrderTemplateDescription": {
			"value": "Order templates will be saved to your account. You can reuse them in the future to speed up the checkout process. Create an order template and add this item to it.",
			"comment": "Text for create order template dialog description"
		},
		"createNewOrderTemplateButtonText": {
			"value": "Create new",
			"comment": "Text for create order template dialog create new button"
		},
		"createOrderTemplateButtonText": {
			"value": "Create",
			"comment": "Text for create order template dialog create button"
		},
		"cancelNewOrderTemplateCreationButtonText": {
			"value": "Cancel",
			"comment": "Text for create order template dialog cancel button"
		},
		"defaultOrderTemplateName": {
			"value": "Untitled",
			"comment": "Text for create order template dialog default order template name"
		},
		"addToOrderTemplateHeader": {
			"value": "Add to order template",
			"comment": "Text for add to order template dialog header"
		},
		"noOrderTemplatesMessage": {
			"value": "You have not created any order templates.",
			"comment": "Text for add to order template dialog message"
		},
		"noOrderTemplatesDescription": {
			"value": "Order templates will be saved to your account. You can reuse them in the future to speed up the checkout process. Create an order template and add this item to it.",
			"comment": "Text for add to order template dialog description"
		},
		"createAnOrderTemplateButtonText": {
			"value": "Create an order template",
			"comment": "Text for creating an order template button"
		},
		"cancelOrderTemplateCreationButtonText": {
			"value": "Cancel",
			"comment": "Text for canceling adding to order template dialog"
		},
		"selectTemplatesText": {
			"value": "Select a template or create a new one. You have {0} template(s).",
			"comment": "Text for add to order template dialog description"
		},
		"addToTemplateButtonText": {
			"value": "Add to template",
			"comment": "Text for add to order template dialog button"
		},
		"lineItemsText": {
			"value": "{0} line item(s)",
			"comment": "Text for add to order template dialog order template description"
		},
		"addToOrderTemplateButtonText": {
			"value": "Add to order template",
			"comment": "Text for add to order template button"
		},
		"addToOrderTemplateMessage": {
			"value": "Added to your order template",
			"comment": "Text for showing for adding item to your order template message"
		},
		"addItemToOrderTemplateError": {
			"value": "Unable to add item to order template",
			"comment": "For showing error message on adding item to order template"
		},
		"viewOrderTemplateButtonText": {
			"value": "View order template",
			"comment": "View order template text on item added to order template dialog"
		},
		"continueShoppingButtonText": {
			"value": "Continue shopping",
			"comment": "Continue shopping on item added to order template dialog"
		},
		"itemAddedToOrderTemplateHeaderItemOneText": {
			"value": "1 item",
			"comment": "View order template text on item added to order template dialog"
		},
		"itemAddedToOrderTemplateHeaderItemFormatText": {
			"value": "{0} items",
			"comment": "View order template text on item added to order template dialog"
		},
		"itemAddedToOrderTemplateHeaderMessageText": {
			"value": " added to order template",
			"comment": "View order template text on item added to order template dialog"
		},
		"duplicatedProductsHeader": {
			"value": "Duplicated products",
			"comment": "Error dialog header when order template already has the same item added"
		},
		"duplicatedProductsDescription": {
			"value": "This product has been added to the selected order template in the past. Do you want to update the product quantity in the order template?",
			"comment": "Error dialog description when order template already has the same item added"
		},
		"updateQuantityButtonText": {
			"value": "Yes, update quantity",
			"comment": "Error dialog cancel button text when order template already has the same item added"
		},
		"cancelDuplicateItemsButtonText": {
			"value": "Cancel",
			"comment": "Error dialog override quantity button text when order template already has the same item added"
		},
		"shopSimilarLooksText": {
			"value": "Shop similar looks",
			"comment": "Text to show on Shop similar looks button"
		},
		"buyBoxGoToCartText": {
			"value": "View bag and checkout",
			"comment": "Text to show on Button to view cart"
		},
		"buyBoxContinueShoppingText": {
			"value": "Continue shopping",
			"comment": "Text to show on Button to continue shopping"
		},
		"buyBoxSingleItemText": {
			"value": "1 item",
			"comment": "Text to show if one item is added"
		},
		"buyBoxMultiLineItemFormatText": {
			"value": "{0} items",
			"comment": "Text to show if multiple items added"
		},
		"buyBoxHeaderMessageText": {
			"value": " added to bag",
			"comment": "Text to show if a item is added to the bag"
		}
	}
}
