{
    "CacheObjectType": "CART",
    "CacheKey": "*",
    "Mock": {
        "__mock": true,
        "AffiliationLines": [],
        "IsRequiredAmountPaid": false,
        "IsDiscountFullyCalculated": true,
        "AmountDue": 612.35,
        "AmountPaid": 0,
        "AttributeValues": [],
        "BeginDateTime": "/Date(1546995884854)/",
        "BusinessDate": null,
        "CancellationChargeAmount": null,
        "EstimatedShippingAmount": null,
        "CartLines": [
            {
                "LineId": "54e552a973ae41efb8c6f73ff8e70ebf",
                "TaxOverrideCode": null,
                "ItemId": "1302",
                "Barcode": "",
                "EntryMethodTypeValue": 0,
                "Description": "Description of the item",
                "InventoryDimensionId": "000051",
                "Comment": "",
                "ProductId": 22565423217,
                "WarehouseId": "DC-Central",
                "Quantity": 1,
                "Price": 509.15,
                "ExtendedPrice": 509.15,
                "TaxAmount": 0,
                "ItemTaxGroupId": "RP",
                "TotalAmount": 509.15,
                "NetAmountWithoutTax": 509.15,
                "NetPrice": 509.15,
                "DiscountAmountWithoutTax": 0,
                "DiscountAmount": 0,
                "LineDiscount": 0,
                "LinePercentageDiscount": 0,
                "LineManualDiscountPercentage": 0,
                "LineManualDiscountAmount": 0,
                "UnitOfMeasureSymbol": "Ea",
                "ShippingAddress": null,
                "DeliveryMode": "",
                "DeliveryModeChargeAmount": null,
                "RequestedDeliveryDate": null,
                "ReturnTransactionId": "",
                "ReturnLineNumber": 0,
                "ReturnInventTransId": "",
                "IsVoided": false,
                "IsGiftCardLine": false,
                "IsPriceKeyedIn": false,
                "GiftCardId": "",
                "GiftCardCurrencyCode": "",
                "GiftCardOperationValue": 0,
                "SalesStatusValue": 1,
                "QuantityOrdered": null,
                "QuantityInvoiced": null,
                "QuantityCanceled": 0,
                "FulfillmentStoreId": "",
                "SerialNumber": "",
                "ElectronicDeliveryEmail": "",
                "ElectronicDeliveryEmailContent": "",
                "IsPriceOverridden": false,
                "OriginalPrice": null,
                "IsInvoiceLine": false,
                "InvoiceId": "",
                "InvoiceAmount": 0,
                "GiftCardBalance": 0,
                "LineVersion": 0,
                "PromotionLines": [],
                "DiscountLines": [],
                "RelatedDiscountedLineIds": [],
                "ReasonCodeLines": [],
                "ChargeLines": [],
                "TaxRatePercent": 0,
                "IsCustomerAccountDeposit": false,
                "LinkedParentLineId": null,
                "QuantityReturnable": null,
                "ExtensionProperties": [],
                "LineNumber": 2,
                "CommissionSalesGroup": "",
                "TrackingId": null,
                "StaffId": null,
                "QuantityRemained": null,
                "QuantityShipped": null,
                "CatalogId": 0,
                "AttributeValues": [],
                "ThirdPartyGiftCardInfo": null,
                "BarcodeEmbeddedPrice": 0,
                "PriceInBarcode": false
            },
            {
                "LineId": "944d0f7f8db149bdad2db101bf25c695",
                "TaxOverrideCode": null,
                "ItemId": "2101",
                "Barcode": "",
                "EntryMethodTypeValue": 0,
                "Description": "Description of the item",
                "InventoryDimensionId": "000051",
                "Comment": "",
                "ProductId": 22565423456,
                "WarehouseId": "DC-Central",
                "Quantity": 1,
                "Price": 103.2,
                "ExtendedPrice": 103.2,
                "TaxAmount": 0,
                "ItemTaxGroupId": "RP",
                "TotalAmount": 103.2,
                "NetAmountWithoutTax": 103.2,
                "NetPrice": 103.2,
                "DiscountAmountWithoutTax": 0,
                "DiscountAmount": 0,
                "LineDiscount": 0,
                "LinePercentageDiscount": 0,
                "LineManualDiscountPercentage": 0,
                "LineManualDiscountAmount": 0,
                "UnitOfMeasureSymbol": "Ea",
                "ShippingAddress": null,
                "DeliveryMode": "",
                "DeliveryModeChargeAmount": null,
                "RequestedDeliveryDate": null,
                "ReturnTransactionId": "",
                "ReturnLineNumber": 0,
                "ReturnInventTransId": "",
                "IsVoided": false,
                "IsGiftCardLine": false,
                "IsPriceKeyedIn": false,
                "GiftCardId": "",
                "GiftCardCurrencyCode": "",
                "GiftCardOperationValue": 0,
                "SalesStatusValue": 1,
                "QuantityOrdered": null,
                "QuantityInvoiced": null,
                "QuantityCanceled": 0,
                "FulfillmentStoreId": "",
                "SerialNumber": "",
                "ElectronicDeliveryEmail": "",
                "ElectronicDeliveryEmailContent": "",
                "IsPriceOverridden": false,
                "OriginalPrice": null,
                "IsInvoiceLine": false,
                "InvoiceId": "",
                "InvoiceAmount": 0,
                "GiftCardBalance": 0,
                "LineVersion": 0,
                "PromotionLines": [],
                "DiscountLines": [],
                "RelatedDiscountedLineIds": [],
                "ReasonCodeLines": [],
                "ChargeLines": [],
                "TaxRatePercent": 0,
                "IsCustomerAccountDeposit": false,
                "LinkedParentLineId": null,
                "QuantityReturnable": null,
                "ExtensionProperties": [],
                "LineNumber": 1,
                "CommissionSalesGroup": "",
                "TrackingId": null,
                "StaffId": null,
                "QuantityRemained": null,
                "QuantityShipped": null,
                "CatalogId": 0,
                "AttributeValues": [],
                "ThirdPartyGiftCardInfo": null,
                "BarcodeEmbeddedPrice": 0,
                "PriceInBarcode": false
            }
        ],
        "CartTypeValue": 1,
        "ChannelId": 5637144608,
        "ChargeAmount": 0,
        "ChargeLines": [],
        "TaxViewLines": [],
        "Comment": "",
        "InvoiceComment": "",
        "Coupons": [],
        "CustomerId": "",
        "CustomerOrderModeValue": 0,
        "DeliveryMode": null,
        "DeliveryModeChargeAmount": null,
        "DiscountAmount": 0,
        "DiscountAmountWithoutTax": 0,
        "DiscountCodes": [],
        "Id": "jWvjTh2wyxWnopUGQmzpkGoQVuu5pUh6",
        "TransactionTypeValue": 0,
        "CustomerAccountDepositLines": [],
        "IncomeExpenseLines": [],
        "IncomeExpenseTotalAmount": 0,
        "IsReturnByReceipt": false,
        "ReturnTransactionHasLoyaltyPayment": false,
        "IsFavorite": false,
        "IsRecurring": false,
        "IsSuspended": false,
        "LoyaltyCardId": "",
        "ModifiedDateTime": "/Date(1547776581807)/",
        "Name": null,
        "OrderNumber": null,
        "AvailableDepositAmount": 0,
        "OverriddenDepositAmount": null,
        "OverriddenDepositWithoutCarryoutAmount": null,
        "PrepaymentAmountPaid": 0,
        "PrepaymentAppliedOnPickup": 0,
        "PromotionLines": [],
        "QuotationExpiryDate": null,
        "ReasonCodeLines": [],
        "ReceiptEmail": null,
        "RequestedDeliveryDate": null,
        "RequiredDepositAmount": 0,
        "RequiredDepositWithoutCarryoutAmount": 0,
        "SalesId": null,
        "ShippingAddress": null,
        "StaffId": null,
        "SubtotalAmount": 612.35,
        "SubtotalAmountWithoutTax": 612.35,
        "NetPrice": 612.35,
        "SubtotalSalesAmount": 612.35,
        "TaxAmount": 0,
        "TaxOnCancellationCharge": 0,
        "TaxOverrideCode": null,
        "TenderLines": [],
        "TerminalId": "",
        "TotalAmount": 612.35,
        "TotalSalesAmount": 612.35,
        "TotalReturnAmount": 0,
        "TotalCarryoutSalesAmount": 612.35,
        "TotalCustomerOrderSalesAmount": 0,
        "TotalManualDiscountAmount": 0,
        "TotalManualDiscountPercentage": 0,
        "WarehouseId": "DC-CENTRAL",
        "IsCreatedOffline": false,
        "CartStatusValue": 1,
        "ReceiptTransactionTypeValue": 1,
        "CommissionSalesGroup": "",
        "Version": 13203852,
        "TotalItems": 2,
        "HasTaxCalculationTriggered": true,
        "ExtensionProperties": [
            {
                "Key": "CurrencyStringTemplate",
                "Value": {
                    "BooleanValue": null,
                    "ByteValue": null,
                    "DateTimeOffsetValue": null,
                    "DecimalValue": null,
                    "IntegerValue": null,
                    "LongValue": null,
                    "StringValue": "${0}"
                }
            }
        ]
    }
}
