{
    "CacheObjectType": "ORGUNITLOCATION",
    "CacheKey": "*",
    "Mock": [
        {
            "__mock": true,
            "Contacts": [],
            "ChannelId": 5637144576,
            "Latitude": 0,
            "Longitude": 0,
            "OrgUnitName": "Annapolis",
            "OrgUnitNumber": "ANNAPOL",
            "Address": "Annapolis, MD \nUSA",
            "Street": "",
            "StreetNumber": "",
            "City": "Annapolis",
            "DistrictName": "",
            "BuildingCompliment": "",
            "Postbox": "",
            "Zip": "",
            "County": "",
            "CountyName": null,
            "State": "MD",
            "StateName": "Maryland",
            "Country": "USA",
            "Distance": 0,
            "InventoryLocationId": "ANNAPOL",
            "InventorySiteId": null,
            "PostalAddressId": 22565427547,
            "OpenFrom": 32400,
            "OpenTo": 75600,
            "ExtensionProperties": []
        },
        {
            "__mock": true,
            "Contacts": [],
            "ChannelId": 5637144587,
            "Latitude": 42.475708,
            "Longitude": -83.2435,
            "OrgUnitName": "Ann Arbor",
            "OrgUnitNumber": "ANNARBO",
            "Address": "1000 Town Center Dr\nSouthfield, MI 48075 \nUSA",
            "Street": "1000 Town Center Dr",
            "StreetNumber": "",
            "City": "Southfield",
            "DistrictName": "",
            "BuildingCompliment": "",
            "Postbox": "",
            "Zip": "48075",
            "County": "",
            "CountyName": null,
            "State": "MI",
            "StateName": "Michigan",
            "Country": "USA",
            "Distance": 0,
            "InventoryLocationId": "ANNARBO",
            "InventorySiteId": null,
            "PostalAddressId": 22565427558,
            "OpenFrom": 32400,
            "OpenTo": 75600,
            "ExtensionProperties": []
        },
        {
            "__mock": true,
            "Contacts": [],
            "ChannelId": 5637144577,
            "Latitude": 33.848907,
            "Longitude": -84.364029,
            "OrgUnitName": "Atlanta",
            "OrgUnitNumber": "ATLANTA",
            "Address": "3393 Peachtree Road NE\nAtlanta, GA 30326 \nUSA",
            "Street": "3393 Peachtree Road NE",
            "StreetNumber": "",
            "City": "Atlanta",
            "DistrictName": "",
            "BuildingCompliment": "",
            "Postbox": "",
            "Zip": "30326",
            "County": "",
            "CountyName": null,
            "State": "GA",
            "StateName": "Georgia",
            "Country": "USA",
            "Distance": 0,
            "InventoryLocationId": "ATLANTA",
            "InventorySiteId": null,
            "PostalAddressId": 22565427548,
            "OpenFrom": 32400,
            "OpenTo": 75600,
            "ExtensionProperties": []
        },
        {
            "__mock": true,
            "Contacts": [],
            "ChannelId": 5637144578,
            "Latitude": 40.588794,
            "Longitude": -74.619498,
            "OrgUnitName": "Atlantic City",
            "OrgUnitNumber": "ATLANTI",
            "Address": "400 Commons Way\nBridgewater, NJ 08007 \nUSA",
            "Street": "400 Commons Way",
            "StreetNumber": "",
            "City": "Bridgewater",
            "DistrictName": "",
            "BuildingCompliment": "",
            "Postbox": "",
            "Zip": "08007",
            "County": "",
            "CountyName": null,
            "State": "NJ",
            "StateName": "New Jersey",
            "Country": "USA",
            "Distance": 0,
            "InventoryLocationId": "ATLANTI",
            "InventorySiteId": null,
            "PostalAddressId": 22565427549,
            "OpenFrom": 32400,
            "OpenTo": 75600,
            "ExtensionProperties": []
        },
        {
            "__mock": true,
            "Contacts": [],
            "ChannelId": 5637144588,
            "Latitude": 30.40034,
            "Longitude": -97.725938,
            "OrgUnitName": "Austin",
            "OrgUnitNumber": "AUSTIN",
            "Address": "3309 Esperanza Crossing\nAustin, TX 78758 \nUSA",
            "Street": "3309 Esperanza Crossing",
            "StreetNumber": "",
            "City": "Austin",
            "DistrictName": "",
            "BuildingCompliment": "",
            "Postbox": "",
            "Zip": "78758",
            "County": "",
            "CountyName": null,
            "State": "TX",
            "StateName": "Texas",
            "Country": "USA",
            "Distance": 0,
            "InventoryLocationId": "AUSTIN",
            "InventorySiteId": null,
            "PostalAddressId": 22565427559,
            "OpenFrom": 32400,
            "OpenTo": 75600,
            "ExtensionProperties": []
        },
        {
            "__mock": true,
            "Contacts": [],
            "ChannelId": 5637144597,
            "Latitude": 47.617439,
            "Longitude": -122.201721,
            "OrgUnitName": "Bellevue",
            "OrgUnitNumber": "BELLEVU",
            "Address": "Bellevue Square\nBellevue, WA 98004 \nUSA",
            "Street": "Bellevue Square",
            "StreetNumber": "",
            "City": "Bellevue",
            "DistrictName": "",
            "BuildingCompliment": "",
            "Postbox": "",
            "Zip": "98004",
            "County": "",
            "CountyName": null,
            "State": "WA",
            "StateName": "Washington",
            "Country": "USA",
            "Distance": 0,
            "InventoryLocationId": "BELLEVU",
            "InventorySiteId": null,
            "PostalAddressId": 22565427568,
            "OpenFrom": 32400,
            "OpenTo": 75600,
            "ExtensionProperties": []
        },
        {
            "__mock": true,
            "Contacts": [],
            "ChannelId": 5637144589,
            "Latitude": 44.864658,
            "Longitude": -93.325058,
            "OrgUnitName": "Bloomington",
            "OrgUnitNumber": "BLOOMIN",
            "Address": "3601 West 76th Street\nEdina, MN 55437 \nUSA",
            "Street": "3601 West 76th Street",
            "StreetNumber": "",
            "City": "Edina",
            "DistrictName": "",
            "BuildingCompliment": "",
            "Postbox": "",
            "Zip": "55437",
            "County": "",
            "CountyName": null,
            "State": "MN",
            "StateName": "Minnesota",
            "Country": "USA",
            "Distance": 0,
            "InventoryLocationId": "BLOOMIN",
            "InventorySiteId": null,
            "PostalAddressId": 22565427560,
            "OpenFrom": 32400,
            "OpenTo": 75600,
            "ExtensionProperties": []
        },
        {
            "__mock": true,
            "Contacts": [],
            "ChannelId": 5637144579,
            "Latitude": 42.348626,
            "Longitude": -71.082538,
            "OrgUnitName": "Boston",
            "OrgUnitNumber": "BOSTON",
            "Address": "800 Boylston Street\nBoston, MA 02199 \nUSA",
            "Street": "800 Boylston Street",
            "StreetNumber": "",
            "City": "Boston",
            "DistrictName": "",
            "BuildingCompliment": "",
            "Postbox": "",
            "Zip": "02199",
            "County": "",
            "CountyName": null,
            "State": "MA",
            "StateName": "Massachusetts",
            "Country": "USA",
            "Distance": 0,
            "InventoryLocationId": "BOSTON",
            "InventorySiteId": null,
            "PostalAddressId": 22565427550,
            "OpenFrom": 32400,
            "OpenTo": 75600,
            "ExtensionProperties": []
        },
        {
            "__mock": true,
            "Contacts": [],
            "ChannelId": 5637144580,
            "Latitude": 42.375067,
            "Longitude": -71.272212,
            "OrgUnitName": "Burlington",
            "OrgUnitNumber": "BURLING",
            "Address": "201 Jones Rd.\nWaltham, MA 02451 \nUSA",
            "Street": "201 Jones Rd.",
            "StreetNumber": "",
            "City": "Waltham",
            "DistrictName": "",
            "BuildingCompliment": "",
            "Postbox": "",
            "Zip": "02451",
            "County": "",
            "CountyName": null,
            "State": "MA",
            "StateName": "Massachusetts",
            "Country": "USA",
            "Distance": 0,
            "InventoryLocationId": "BURLING",
            "InventorySiteId": null,
            "PostalAddressId": 22565427551,
            "OpenFrom": 32400,
            "OpenTo": 75600,
            "ExtensionProperties": []
        },
        {
            "__mock": true,
            "Contacts": [],
            "ChannelId": 5637144581,
            "Latitude": 42.361464,
            "Longitude": -71.080355,
            "OrgUnitName": "Cambridge",
            "OrgUnitNumber": "CAMBRID",
            "Address": "1 Memorial Dr Ste 1\nCambridge, MA 02142 \nUSA",
            "Street": "1 Memorial Dr Ste 1",
            "StreetNumber": "",
            "City": "Cambridge",
            "DistrictName": "",
            "BuildingCompliment": "",
            "Postbox": "",
            "Zip": "02142",
            "County": "",
            "CountyName": null,
            "State": "MA",
            "StateName": "Massachusetts",
            "Country": "USA",
            "Distance": 0,
            "InventoryLocationId": "CAMBRID",
            "InventorySiteId": null,
            "PostalAddressId": 22565427552,
            "OpenFrom": 32400,
            "OpenTo": 75600,
            "ExtensionProperties": []
        },
        {
            "__mock": true,
            "Contacts": [],
            "ChannelId": 5637144590,
            "Latitude": 41.884545,
            "Longitude": -87.62214,
            "OrgUnitName": "Chicago",
            "OrgUnitNumber": "CHICAGO",
            "Address": "200 East Randolph Drive\nChicago, IL 60601 \nUSA",
            "Street": "200 East Randolph Drive",
            "StreetNumber": "",
            "City": "Chicago",
            "DistrictName": "",
            "BuildingCompliment": "",
            "Postbox": "",
            "Zip": "60601",
            "County": "",
            "CountyName": null,
            "State": "IL",
            "StateName": "Illinois",
            "Country": "USA",
            "Distance": 0,
            "InventoryLocationId": "CHICAGO",
            "InventorySiteId": null,
            "PostalAddressId": 22565427561,
            "OpenFrom": 32400,
            "OpenTo": 75600,
            "ExtensionProperties": []
        },
        {
            "__mock": true,
            "Contacts": [],
            "ChannelId": 5637144591,
            "Latitude": 39.20118,
            "Longitude": -84.378143,
            "OrgUnitName": "Cincinnati",
            "OrgUnitNumber": "CINCINN",
            "Address": "7875 Montgomery Rd\nCincinnati, OH 45236 \nUSA",
            "Street": "7875 Montgomery Rd",
            "StreetNumber": "",
            "City": "Cincinnati",
            "DistrictName": "",
            "BuildingCompliment": "",
            "Postbox": "",
            "Zip": "45236",
            "County": "",
            "CountyName": null,
            "State": "OH",
            "StateName": "Ohio",
            "Country": "USA",
            "Distance": 0,
            "InventoryLocationId": "CINCINN",
            "InventorySiteId": null,
            "PostalAddressId": 22565427562,
            "OpenFrom": 32400,
            "OpenTo": 75600,
            "ExtensionProperties": []
        },
        {
            "__mock": true,
            "Contacts": [],
            "ChannelId": 5637144582,
            "Latitude": 38.961289,
            "Longitude": -77.086075,
            "OrgUnitName": "Columbia",
            "OrgUnitNumber": "COLUMBI",
            "Address": "5404 Wisconsin Ave\nChevy Chase, MD 20815 \nUSA",
            "Street": "5404 Wisconsin Ave",
            "StreetNumber": "",
            "City": "Chevy Chase",
            "DistrictName": "",
            "BuildingCompliment": "",
            "Postbox": "",
            "Zip": "20815",
            "County": "",
            "CountyName": null,
            "State": "MD",
            "StateName": "Maryland",
            "Country": "USA",
            "Distance": 0,
            "InventoryLocationId": "COLUMBI",
            "InventorySiteId": null,
            "PostalAddressId": 22565427553,
            "OpenFrom": 32400,
            "OpenTo": 75600,
            "ExtensionProperties": []
        },
        {
            "__mock": true,
            "Contacts": [],
            "ChannelId": 5637144598,
            "Latitude": 33.690358,
            "Longitude": -117.885683,
            "OrgUnitName": "Costa Mesa",
            "OrgUnitNumber": "COSTAME",
            "Address": "3333 Bristol St\nCosta Mesa, CA 92626 \nUSA",
            "Street": "3333 Bristol St",
            "StreetNumber": "",
            "City": "Costa Mesa",
            "DistrictName": "",
            "BuildingCompliment": "",
            "Postbox": "",
            "Zip": "92626",
            "County": "",
            "CountyName": null,
            "State": "CA",
            "StateName": "California",
            "Country": "USA",
            "Distance": 0,
            "InventoryLocationId": "COSTAME",
            "InventorySiteId": null,
            "PostalAddressId": 22565427569,
            "OpenFrom": 32400,
            "OpenTo": 75600,
            "ExtensionProperties": []
        },
        {
            "__mock": true,
            "Contacts": [],
            "ChannelId": 5637144583,
            "Latitude": 0,
            "Longitude": 0,
            "OrgUnitName": "Georgetown",
            "OrgUnitNumber": "GEORGET",
            "Address": "Georgetown, DC \nUSA",
            "Street": "",
            "StreetNumber": "",
            "City": "Georgetown",
            "DistrictName": "",
            "BuildingCompliment": "",
            "Postbox": "",
            "Zip": "",
            "County": "",
            "CountyName": null,
            "State": "DC",
            "StateName": "District of Columbia",
            "Country": "USA",
            "Distance": 0,
            "InventoryLocationId": "GEORGET",
            "InventorySiteId": null,
            "PostalAddressId": 22565427554,
            "OpenFrom": 32400,
            "OpenTo": 75600,
            "ExtensionProperties": []
        },
        {
            "__mock": true,
            "Contacts": [],
            "ChannelId": 5637144592,
            "Latitude": 47.642307,
            "Longitude": -122.13701,
            "OrgUnitName": "FABRIKAM COMPANY STORE",
            "OrgUnitNumber": "HOUSTON",
            "Address": "15010 NE 36th St\nRedmond, WA 98052\nUSA",
            "Street": "15010 NE 36th St",
            "StreetNumber": "",
            "City": "Redmond",
            "DistrictName": "",
            "BuildingCompliment": "",
            "Postbox": "",
            "Zip": "98052",
            "County": "KING",
            "CountyName": "King",
            "State": "WA",
            "StateName": "Washington",
            "Country": "USA",
            "Distance": 0,
            "InventoryLocationId": "HOUSTON",
            "InventorySiteId": null,
            "PostalAddressId": 68719518431,
            "OpenFrom": 32400,
            "OpenTo": 75600,
            "ExtensionProperties": []
        },
        {
            "__mock": true,
            "Contacts": [],
            "ChannelId": 5637144599,
            "Latitude": 39.560697,
            "Longitude": -104.879267,
            "OrgUnitName": "Lone Tree",
            "OrgUnitNumber": "LONETRE",
            "Address": "8505 Park Meadows Center Dr\nLone Tree, CO 80124 \nUSA",
            "Street": "8505 Park Meadows Center Dr",
            "StreetNumber": "",
            "City": "Lone Tree",
            "DistrictName": "",
            "BuildingCompliment": "",
            "Postbox": "",
            "Zip": "80124",
            "County": "",
            "CountyName": null,
            "State": "CO",
            "StateName": "Colorado",
            "Country": "USA",
            "Distance": 0,
            "InventoryLocationId": "LONETRE",
            "InventorySiteId": null,
            "PostalAddressId": 22565427570,
            "OpenFrom": 32400,
            "OpenTo": 75600,
            "ExtensionProperties": []
        },
        {
            "__mock": true,
            "Contacts": [],
            "ChannelId": 5637144600,
            "Latitude": 0,
            "Longitude": 0,
            "OrgUnitName": "Los Angeles",
            "OrgUnitNumber": "LOSANGE",
            "Address": null,
            "Street": null,
            "StreetNumber": null,
            "City": null,
            "DistrictName": null,
            "BuildingCompliment": null,
            "Postbox": null,
            "Zip": null,
            "County": null,
            "CountyName": null,
            "State": null,
            "StateName": null,
            "Country": null,
            "Distance": 0,
            "InventoryLocationId": "LOSANGE",
            "InventorySiteId": null,
            "PostalAddressId": 0,
            "OpenFrom": 32400,
            "OpenTo": 75600,
            "ExtensionProperties": [
                {
                    "Key": "MODIFIEDDATETIME",
                    "Value": {
                        "BooleanValue": null,
                        "IntegerValue": null,
                        "StringValue": null
                    }
                }
            ]
        },
        {
            "__mock": true,
            "Contacts": [],
            "ChannelId": 5637144584,
            "Latitude": 26.209569,
            "Longitude": -80.142763,
            "OrgUnitName": "Miami",
            "OrgUnitNumber": "MIAMI",
            "Address": "6750 North Andrews Ave\nFort Lauderdale, FL 33309 \nUSA",
            "Street": "6750 North Andrews Ave",
            "StreetNumber": "",
            "City": "Fort Lauderdale",
            "DistrictName": "",
            "BuildingCompliment": "",
            "Postbox": "",
            "Zip": "33309",
            "County": "",
            "CountyName": null,
            "State": "FL",
            "StateName": "Florida",
            "Country": "USA",
            "Distance": 0,
            "InventoryLocationId": "MIAMI",
            "InventorySiteId": null,
            "PostalAddressId": 22565427555,
            "OpenFrom": 32400,
            "OpenTo": 75600,
            "ExtensionProperties": []
        },
        {
            "__mock": true,
            "Contacts": [],
            "ChannelId": 5637144601,
            "Latitude": 33.557389,
            "Longitude": -117.668262,
            "OrgUnitName": "Mission Viejo",
            "OrgUnitNumber": "MISSION",
            "Address": "578 The Shops At Mission Viejo\nMission Viejo, CA 92691 \nUSA",
            "Street": "578 The Shops At Mission Viejo",
            "StreetNumber": "",
            "City": "Mission Viejo",
            "DistrictName": "",
            "BuildingCompliment": "",
            "Postbox": "",
            "Zip": "92691",
            "County": "",
            "CountyName": null,
            "State": "CA",
            "StateName": "California",
            "Country": "USA",
            "Distance": 0,
            "InventoryLocationId": "MISSION",
            "InventorySiteId": null,
            "PostalAddressId": 22565427572,
            "OpenFrom": 32400,
            "OpenTo": 75600,
            "ExtensionProperties": []
        },
        {
            "__mock": true,
            "Contacts": [],
            "ChannelId": 5637144585,
            "Latitude": 40.761019,
            "Longitude": -73.979538,
            "OrgUnitName": "New York",
            "OrgUnitNumber": "NEWYORK",
            "Address": "1290 Avenue of the Americas\nNew York, NY 10104 \nUSA",
            "Street": "1290 Avenue of the Americas",
            "StreetNumber": "",
            "City": "New York",
            "DistrictName": "",
            "BuildingCompliment": "",
            "Postbox": "",
            "Zip": "10104",
            "County": "",
            "CountyName": null,
            "State": "NY",
            "StateName": "New York",
            "Country": "USA",
            "Distance": 0,
            "InventoryLocationId": "NEWYORK",
            "InventorySiteId": null,
            "PostalAddressId": 22565427556,
            "OpenFrom": 32400,
            "OpenTo": 75600,
            "ExtensionProperties": []
        },
        {
            "__mock": true,
            "Contacts": [],
            "ChannelId": 5637144593,
            "Latitude": 41.84989,
            "Longitude": -87.956843,
            "OrgUnitName": "Oak Brook",
            "OrgUnitNumber": "OAKBROO",
            "Address": "49 Oakbrook Center\nOak Brook, IL 60523 \nUSA",
            "Street": "49 Oakbrook Center",
            "StreetNumber": "",
            "City": "Oak Brook",
            "DistrictName": "",
            "BuildingCompliment": "",
            "Postbox": "",
            "Zip": "60523",
            "County": "",
            "CountyName": null,
            "State": "IL",
            "StateName": "Illinois",
            "Country": "USA",
            "Distance": 0,
            "InventoryLocationId": "OAKBROO",
            "InventorySiteId": null,
            "PostalAddressId": 22565427564,
            "OpenFrom": 32400,
            "OpenTo": 75600,
            "ExtensionProperties": []
        },
        {
            "__mock": true,
            "Contacts": [],
            "ChannelId": 5637144602,
            "Latitude": 37.445098,
            "Longitude": -122.171655,
            "OrgUnitName": "Palo Alto",
            "OrgUnitNumber": "PALOALT",
            "Address": "660 Stanford Shopping Center\nPalo Alto, CA 94304 \nUSA",
            "Street": "660 Stanford Shopping Center",
            "StreetNumber": "",
            "City": "Palo Alto",
            "DistrictName": "",
            "BuildingCompliment": "",
            "Postbox": "",
            "Zip": "94304",
            "County": "",
            "CountyName": null,
            "State": "CA",
            "StateName": "California",
            "Country": "USA",
            "Distance": 0,
            "InventoryLocationId": "PALOALT",
            "InventorySiteId": null,
            "PostalAddressId": 22565427573,
            "OpenFrom": 32400,
            "OpenTo": 75600,
            "ExtensionProperties": []
        },
        {
            "__mock": true,
            "Contacts": [],
            "ChannelId": 5637144586,
            "Latitude": 40.055716,
            "Longitude": -75.524911,
            "OrgUnitName": "Philadelphia",
            "OrgUnitNumber": "PHILADE",
            "Address": "45 Liberty Blvd.\nMalvern, PA 19355 \nUSA",
            "Street": "45 Liberty Blvd.",
            "StreetNumber": "",
            "City": "Malvern",
            "DistrictName": "",
            "BuildingCompliment": "",
            "Postbox": "",
            "Zip": "19355",
            "County": "",
            "CountyName": null,
            "State": "PA",
            "StateName": "Pennsylvania",
            "Country": "USA",
            "Distance": 0,
            "InventoryLocationId": "PHILADE",
            "InventorySiteId": null,
            "PostalAddressId": 22565427557,
            "OpenFrom": 32400,
            "OpenTo": 75600,
            "ExtensionProperties": []
        },
        {
            "__mock": true,
            "Contacts": [],
            "ChannelId": 5637144594,
            "Latitude": 29.480045,
            "Longitude": -98.69268,
            "OrgUnitName": "San Antonio",
            "OrgUnitNumber": "SANANTO",
            "Address": "5150 Rogers Rd\nSan Antonio, TX 78251 \nUSA",
            "Street": "5150 Rogers Rd",
            "StreetNumber": "",
            "City": "San Antonio",
            "DistrictName": "",
            "BuildingCompliment": "",
            "Postbox": "",
            "Zip": "78251",
            "County": "",
            "CountyName": null,
            "State": "TX",
            "StateName": "Texas",
            "Country": "USA",
            "Distance": 0,
            "InventoryLocationId": "SANANTO",
            "InventorySiteId": null,
            "PostalAddressId": 22565427565,
            "OpenFrom": 32400,
            "OpenTo": 75600,
            "ExtensionProperties": []
        },
        {
            "__mock": true,
            "Contacts": [],
            "ChannelId": 5637144603,
            "Latitude": 32.769453,
            "Longitude": -117.169273,
            "OrgUnitName": "San Diego",
            "OrgUnitNumber": "SANDIEG",
            "Address": "7007 Friars Rd\nSan Diego, CA 92108 \nUSA",
            "Street": "7007 Friars Rd",
            "StreetNumber": "",
            "City": "San Diego",
            "DistrictName": "",
            "BuildingCompliment": "",
            "Postbox": "",
            "Zip": "92108",
            "County": "",
            "CountyName": null,
            "State": "CA",
            "StateName": "California",
            "Country": "USA",
            "Distance": 0,
            "InventoryLocationId": "SANDIEG",
            "InventorySiteId": null,
            "PostalAddressId": 22565427574,
            "OpenFrom": 32400,
            "OpenTo": 75600,
            "ExtensionProperties": []
        },
        {
            "__mock": true,
            "Contacts": [],
            "ChannelId": 5637144606,
            "Latitude": 37.323495,
            "Longitude": -121.94599,
            "OrgUnitName": "Santa Clara",
            "OrgUnitNumber": "SANTACL",
            "Address": "2855 Stevens Creek Blvd\nSanta Clara, CA 95050 \nUSA",
            "Street": "2855 Stevens Creek Blvd",
            "StreetNumber": "",
            "City": "Santa Clara",
            "DistrictName": "",
            "BuildingCompliment": "",
            "Postbox": "",
            "Zip": "95050",
            "County": "",
            "CountyName": null,
            "State": "CA",
            "StateName": "California",
            "Country": "USA",
            "Distance": 0,
            "InventoryLocationId": "SANTACL",
            "InventorySiteId": null,
            "PostalAddressId": 22565427577,
            "OpenFrom": 32400,
            "OpenTo": 75600,
            "ExtensionProperties": []
        },
        {
            "__mock": true,
            "Contacts": [],
            "ChannelId": 5637144604,
            "Latitude": 33.502342,
            "Longitude": -111.928813,
            "OrgUnitName": "Scottsdale",
            "OrgUnitNumber": "SCOTTSD",
            "Address": "7014 E Camelback Rd\nScottsdale, AZ 85251 \nUSA",
            "Street": "7014 E Camelback Rd",
            "StreetNumber": "",
            "City": "Scottsdale",
            "DistrictName": "",
            "BuildingCompliment": "",
            "Postbox": "",
            "Zip": "85251",
            "County": "",
            "CountyName": null,
            "State": "AZ",
            "StateName": "Arizona",
            "Country": "USA",
            "Distance": 0,
            "InventoryLocationId": "SCOTTSD",
            "InventorySiteId": null,
            "PostalAddressId": 22565427575,
            "OpenFrom": 32400,
            "OpenTo": 75600,
            "ExtensionProperties": []
        },
        {
            "__mock": true,
            "Contacts": [],
            "ChannelId": 5637144605,
            "Latitude": 47.663335,
            "Longitude": -122.299735,
            "OrgUnitName": "Seattle",
            "OrgUnitNumber": "SEATTLE",
            "Address": "2624 University Village Plaza NE\nSeattle, WA 98105 \nUSA",
            "Street": "2624 University Village Plaza NE",
            "StreetNumber": "",
            "City": "Seattle",
            "DistrictName": "",
            "BuildingCompliment": "",
            "Postbox": "",
            "Zip": "98105",
            "County": "",
            "CountyName": null,
            "State": "WA",
            "StateName": "Washington",
            "Country": "USA",
            "Distance": 0,
            "InventoryLocationId": "SEATTLE",
            "InventorySiteId": null,
            "PostalAddressId": 22565427576,
            "OpenFrom": 32400,
            "OpenTo": 75600,
            "ExtensionProperties": []
        },
        {
            "__mock": true,
            "Contacts": [],
            "ChannelId": 5637144595,
            "Latitude": 42.968107,
            "Longitude": -85.672117,
            "OrgUnitName": "Troy",
            "OrgUnitNumber": "TROY",
            "Address": "250 Monroe NW\nGrand Rapids, MI 49503 \nUSA",
            "Street": "250 Monroe NW",
            "StreetNumber": "",
            "City": "Grand Rapids",
            "DistrictName": "",
            "BuildingCompliment": "",
            "Postbox": "",
            "Zip": "49503",
            "County": "",
            "CountyName": null,
            "State": "MI",
            "StateName": "Michigan",
            "Country": "USA",
            "Distance": 0,
            "InventoryLocationId": "TROY",
            "InventorySiteId": null,
            "PostalAddressId": 22565427566,
            "OpenFrom": 32400,
            "OpenTo": 75600,
            "ExtensionProperties": []
        },
        {
            "__mock": true,
            "Contacts": [],
            "ChannelId": 5637144596,
            "Latitude": 38.955346,
            "Longitude": -77.357366,
            "OrgUnitName": "Tysons Corner",
            "OrgUnitNumber": "TYSONSC",
            "Address": "12012 Sunset Hills Rd.\nReston, VA 20190 \nUSA",
            "Street": "12012 Sunset Hills Rd.",
            "StreetNumber": "",
            "City": "Reston",
            "DistrictName": "",
            "BuildingCompliment": "",
            "Postbox": "",
            "Zip": "20190",
            "County": "",
            "CountyName": null,
            "State": "VA",
            "StateName": "Virginia",
            "Country": "USA",
            "Distance": 0,
            "InventoryLocationId": "TYSONSC",
            "InventorySiteId": null,
            "PostalAddressId": 22565427567,
            "OpenFrom": 32400,
            "OpenTo": 75600,
            "ExtensionProperties": []
        }
    ]
}
