{
  "id": "R1Module1",
  "config": {
    "showText": "直线运动零件,气动/液压设备,铝合金型材/管材,输送机/滚轮/传送零件,联轴器/带轮/传动零件,脚轮/调整块/支柱/面板"
    ,
    "productIds": [
      "5637146901",
      "5637150867",
      "5637150588",
      "5637150589",
      "5637150592",
      "5637150617",
      "5637150618",
      "5637150592",
      "5637147649",
      "5637150590"
    ],
    "showtypemodule":"工厂自动化零件"
  },
  "data": {
    "actionResponse": {
      "text": "Sample Action Response"
    }
  },
  "typeName": "index-product"
}