{
    "$type": "contentModule",
    "friendlyName": "index-product",
    "name": "index-product",
    "description": "Please add meaningful description for authoring",
    "categories": ["index-product"],
    "tags": ["Additional tags go here"],
    "dataActions": {        
        "products": {
            "path": "@msdyn365-commerce-modules/retail-actions/dist/lib/get-simple-products",
            "runOn": "server"
        }
    },    
    "config": {
        "showText": {
            "friendlyName": "showText",
            "description": "填写它的li标签,需要','来作为分隔符",
            "type": "string",
            "scope": "module",
            "group": "Layout Properties"
        },
        "productIds": {
            "friendlyName": "显示的产品",
            "description": "请填写12个产品",
            "type": "string",
            "scope": "module",
            "group": "Content Properties"
        },
        "showtypemodule":{
            "friendlyName": "showtypemodule",
            "description": "填写它的li上级标签",
            "type": "string",
            "scope": "module",
            "group": "Layout Properties"
        }
    },
    "resources": {
        "resourceKey": {
            "comment": "resource description",
            "value": "resource value"
        }
    }
}