{
    "$type": "contentModule",
    "friendlyName": "wkea-service",
    "name": "wkea-service",
    "description": "wkea-service",
    "categories": [
		"document",
		"static"
	],
    "tags": ["wkea-service"],
    "dataActions": {        
    },    
    "config": {
        "showText": {
            "friendlyName": "showText",
            "description": "example config value",
            "type": "string",
            "default": "Example Config Value",
            "scope": "module",
            "group": "Layout Properties"
        }
    },
    "resources": {
        "resourceKey": {
            "comment": "resource description",
            "value": "resource value"
        }
    }
}