{
    "modules": {
        "media-gallery": {
            "properties": {
                "vertical": {
                    "friendlyName": "Vertical",
                    "description": "Vertical",
                    "type": "layout",
                    "properties": {
                        "thumbnailImageSettings": {
                            "friendlyName": "Thumbnail Image Settings",
                            "description": "Image settings for the thumbnails",
                            "type": "imageSizes",
                            "properties": {
                                "sm": {
                                    "width": 100,
                                    "height": 0
                                },
                                "lg": {
                                    "width": 100,
                                    "height": 0
                                },
                                "xl": {
                                    "width": 100,
                                    "height": 0
                                }
                            }
                        },
                        "galleryImageSettings": {
                            "friendlyName": "Gallery Image Settings",
                            "description": "Image settings for the main gallery",
                            "type": "imageSizes",
                            "properties": {
                                "xs": {
                                    "width": 767,
                                    "height": 767
                                },
                                "sm": {
                                    "width": 600,
                                    "height": 600
                                },
                                "md": {
                                    "width": 600,
                                    "height": 772
                                },
                                "lg": {
                                    "width": 0,
                                    "height": 772
                                },
                                "xl": {
                                    "width": 0,
                                    "height": 772
                                }
                            }
                        }
                    }
                }
            }
        },
        "hero": {
            "properties": {
                "wide": {
                    "friendlyName": "Wide",
                    "description": "Wide hero layout",
                    "type": "layout",
                    "properties": {
                        "image": {
                            "friendlyName": "Hero Image Settings",
                            "description": "Image settings for the hero",
                            "type": "imageSizes",
                            "properties": {
                                "xs": {
                                    "width": 800,
                                    "height": 600
                                },
                                "sm": {
                                    "width": 1200,
                                    "height": 900
                                },
                                "md": {
                                    "width": 1600,
                                    "height": 900
                                },
                                "lg": {
                                    "width": 1600,
                                    "height": 700
                                },
                                "xl": {
                                    "width": 1600,
                                    "height": 700
                                }
                            }
                        }
                    }
                }
            }
        },
        "feature": {
            "properties": {
                "leftOrRight": {
                    "friendlyName": "Image settings for left or right layouts of feature module",
                    "description": "Image settings for left or right layouts of feature module",
                    "type": "layout",
                    "properties": {
                        "image": {
                            "friendlyName": "Feature Image Settings",
                            "description": "Image settings for the Feature",
                            "type": "imageSizes",
                            "properties": {
                                "xs": {
                                    "width": 509,
                                    "height": 303
                                },
                                "sm": {
                                    "width": 762,
                                    "height": 471
                                },
                                "md": {
                                    "width": 935,
                                    "height": 557
                                },
                                "lg": {
                                    "width": 762,
                                    "height": 471
                                },
                                "xl": {
                                    "width": 762,
                                    "height": 471
                                }
                            }
                        }
                    }
                },
                "topOrBottom": {
                    "friendlyName": "Image settings for top or bottom layouts of feature module",
                    "description": "Image settings for top or bottom layouts of feature module",
                    "type": "layout",
                    "properties": {
                        "image": {
                            "friendlyName": "Feature Image Settings",
                            "description": "Image settings for the Feature",
                            "type": "imageSizes",
                            "properties": {
                                "xs": {
                                    "width": 509,
                                    "height": 303
                                },
                                "sm": {
                                    "width": 762,
                                    "height": 471
                                },
                                "md": {
                                    "width": 1083,
                                    "height": 406
                                },
                                "lg": {
                                    "width": 1259,
                                    "height": 471
                                },
                                "xl": {
                                    "width": 1600,
                                    "height": 600
                                }
                            }
                        }
                    }
                }
            }
        },
        "product-placement": {
            "properties": {
                "mediumWidth": {
                    "friendlyName": "Medium Width",
                    "description": "Medium width product placement tile",
                    "type": "layout",
                    "properties": {
                        "imageSettings": {
                            "friendlyName": "Product placement image settings",
                            "description": "Image settings for product placement item",
                            "type": "imageSizes",
                            "properties": {
                                "xs": {
                                    "width": 315,
                                    "height": 315
                                },
                                "lg": {
                                    "width": 315,
                                    "height": 315
                                },
                                "xl": {
                                    "width": 315,
                                    "height": 315
                                }
                            }
                        }
                    }
                }
            }
        },
        "product-collection": {
            "properties": {
                "mediumWidth": {
                    "friendlyName": "Medium Width",
                    "description": "Medium width product placement tile",
                    "type": "layout",
                    "properties": {
                        "imageSettings": {
                            "friendlyName": "Product placement image settings",
                            "description": "Image settings for product placement item",
                            "type": "imageSizes",
                            "properties": {
                                "xs": {
                                    "width": 315,
                                    "height": 315
                                },
                                "lg": {
                                    "width": 315,
                                    "height": 315
                                },
                                "xl": {
                                    "width": 315,
                                    "height": 315
                                }
                            }
                        }
                    }
                }
            }
        },
        "products-by-category": {
            "properties": {
                "mediumWidth": {
                    "friendlyName": "Medium Width",
                    "description": "Medium width product placement tile",
                    "type": "layout",
                    "properties": {
                        "imageSettings": {
                            "friendlyName": "Product placement image settings",
                            "description": "Image settings for product placement item",
                            "type": "imageSizes",
                            "properties": {
                                "xs": {
                                    "width": 315,
                                    "height": 315
                                },
                                "lg": {
                                    "width": 315,
                                    "height": 315
                                },
                                "xl": {
                                    "width": 315,
                                    "height": 315
                                }
                            }
                        }
                    }
                }
            }
        },
        "product-search-result": {
            "properties": {
                "mediumWidth": {
                    "friendlyName": "Medium Width",
                    "description": "Medium width product placement tile",
                    "type": "layout",
                    "properties": {
                        "imageSettings": {
                            "friendlyName": "Product search result image settings",
                            "description": "Image settings for product search result",
                            "type": "imageSizes",
                            "properties": {
                                "xs": {
                                    "width": 315,
                                    "height": 315
                                },
                                "lg": {
                                    "width": 315,
                                    "height": 315
                                },
                                "xl": {
                                    "width": 315,
                                    "height": 315
                                }
                            }
                        }
                    }
                }
            }
        },
        "products-by-search": {
            "properties": {
                "mediumWidth": {
                    "friendlyName": "Medium Width",
                    "description": "Medium width product placement tile",
                    "type": "layout",
                    "properties": {
                        "imageSettings": {
                            "friendlyName": "Product placement image settings",
                            "description": "Image settings for product placement item",
                            "type": "imageSizes",
                            "properties": {
                                "xs": {
                                    "width": 315,
                                    "height": 315
                                },
                                "lg": {
                                    "width": 315,
                                    "height": 315
                                },
                                "xl": {
                                    "width": 315,
                                    "height": 315
                                }
                            }
                        }
                    }
                }
            }
        },
        "recommended-products": {
            "properties": {
                "mediumWidth": {
                    "friendlyName": "Medium Width",
                    "description": "Medium width product placement tile",
                    "type": "layout",
                    "properties": {
                        "imageSettings": {
                            "friendlyName": "Recommended products image settings",
                            "description": "Image settings for recommended products item",
                            "type": "imageSizes",
                            "properties": {
                                "xs": {
                                    "width": 315,
                                    "height": 315
                                },
                                "lg": {
                                    "width": 315,
                                    "height": 315
                                },
                                "xl": {
                                    "width": 315,
                                    "height": 315
                                }
                            }
                        }
                    }
                }
            }
        },
        "related-products": {
            "properties": {
                "mediumWidth": {
                    "friendlyName": "Medium Width",
                    "description": "Medium width product placement tile",
                    "type": "layout",
                    "properties": {
                        "imageSettings": {
                            "friendlyName": "Related products image settings",
                            "description": "Image settings for related products item",
                            "type": "imageSizes",
                            "properties": {
                                "xs": {
                                    "width": 315,
                                    "height": 315
                                },
                                "lg": {
                                    "width": 315,
                                    "height": 315
                                },
                                "xl": {
                                    "width": 315,
                                    "height": 315
                                }
                            }
                        }
                    }
                }
            }
        },
        "content-placement-item": {
            "properties": {
                "Wide": {
                    "friendlyName": "Wide",
                    "description": "Wide",
                    "type": "layout",
                    "properties": {
                        "image": {
                            "friendlyName": "Content placement item image settings",
                            "description": "Image settings for content placement item",
                            "type": "imageSizes",
                            "properties": {
                                "xs": {
                                    "width": 343,
                                    "height": 457
                                },
                                "md": {
                                    "width": 427,
                                    "height": 569
                                },
                                "xl": {
                                    "width": 427,
                                    "height": 569
                                }
                            }
                        }
                    }
                }
            }
        },
        "footer-item": {
            "properties": {
                "small": {
                    "friendlyName": "Small Icon",
                    "description": "Small Icon",
                    "type": "layout",
                    "properties": {
                        "image": {
                            "friendlyName": "Footer item image settings",
                            "description": "Image settings for footer item",
                            "type": "imageSizes",
                            "properties": {
                                "xs": {
                                    "width": 48,
                                    "height": 48
                                },
                                "lg": {
                                    "width": 48,
                                    "height": 48
                                },
                                "xl": {
                                    "width": 48,
                                    "height": 48
                                }
                            }
                        }
                    }
                }
            }
        },
        "logo": {
            "properties": {
                "mediumWidth": {
                    "friendlyName": "Medium",
                    "description": "Medium",
                    "type": "layout",
                    "properties": {
                        "image": {
                            "friendlyName": "Logo settings",
                            "description": "Image settings for logo",
                            "type": "imageSizes",
                            "properties": {
                                "xs": {
                                    "width": 132,
                                    "height": 40
                                },
                                "lg": {
                                    "width": 160,
                                    "height": 48
                                },
                                "xl": {
                                    "width": 160,
                                    "height": 48
                                }
                            }
                        }
                    }
                }
            }
        },
        "order-history": {
            "properties": {
                "mediumWidth": {
                    "friendlyName": "Medium",
                    "description": "Medium",
                    "type": "layout",
                    "properties": {
                        "imageSettings": {
                            "friendlyName": "Order history image settings",
                            "description": "Image settings for order history",
                            "type": "imageSizes",
                            "properties": {
                                "xs": {
                                    "width": 81,
                                    "height": 81
                                },
                                "lg": {
                                    "width": 81,
                                    "height": 81
                                },
                                "xl": {
                                    "width": 81,
                                    "height": 81
                                }
                            }
                        }
                    }
                }
            }
        },
        "wishlist-items": {
            "properties": {
                "mediumWidth": {
                    "friendlyName": "Medium",
                    "description": "Medium",
                    "type": "layout",
                    "properties": {
                        "imageSettings": {
                            "friendlyName": "Wishlist items image settings",
                            "description": "Image settings for wishlist items",
                            "type": "imageSizes",
                            "properties": {
                                "xs": {
                                    "width": 315,
                                    "height": 315
                                },
                                "lg": {
                                    "width": 315,
                                    "height": 315
                                },
                                "xl": {
                                    "width": 315,
                                    "height": 315
                                }
                            }
                        }
                    }
                }
            }
        },
        "autosuggest": {
            "properties": {
                "small": {
                    "friendlyName": "Small",
                    "description": "Small",
                    "type": "layout",
                    "properties": {
                        "imageSettings": {
                            "friendlyName": "Autosuggest image settings",
                            "description": "Image settings for autosuggest",
                            "type": "imageSizes",
                            "properties": {
                                "xs": {
                                    "width": 40,
                                    "height": 40
                                },
                                "lg": {
                                    "width": 40,
                                    "height": 40
                                },
                                "xl": {
                                    "width": 40,
                                    "height": 40
                                }
                            }
                        }
                    }
                }
            }
        },
        "cart-line-items": {
            "properties": {
                "small": {
                    "friendlyName": "Small",
                    "description": "Small",
                    "type": "layout",
                    "properties": {
                        "imageSettings": {
                            "friendlyName": "Cart line items image settings",
                            "description": "Image settings for cart line items",
                            "type": "imageSizes",
                            "properties": {
                                "xs": {
                                    "width": 80,
                                    "height": 80
                                },
                                "sm": {
                                    "width": 148,
                                    "height": 148
                                },
                                "lg": {
                                    "width": 148,
                                    "height": 148
                                },
                                "xl": {
                                    "width": 148,
                                    "height": 148
                                }
                            }
                        }
                    }
                }
            }
        },
        "checkout-line-items": {
            "properties": {
                "small": {
                    "friendlyName": "Small",
                    "description": "Small",
                    "type": "layout",
                    "properties": {
                        "imageSettings": {
                            "friendlyName": "Checkout line items image settings",
                            "description": "Image settings for checkout line items",
                            "type": "imageSizes",
                            "properties": {
                                "xs": {
                                    "width": 80,
                                    "height": 80
                                },
                                "lg": {
                                    "width": 80,
                                    "height": 80
                                },
                                "xl": {
                                    "width": 80,
                                    "height": 80
                                }
                            }
                        }
                    }
                }
            }
        },
        "order-details": {
            "properties": {
                "small": {
                    "friendlyName": "Small",
                    "description": "Small",
                    "type": "layout",
                    "properties": {
                        "imageSettings": {
                            "friendlyName": "Order details image settings",
                            "description": "Image settings for order details",
                            "type": "imageSizes",
                            "properties": {
                                "xs": {
                                    "width": 80,
                                    "height": 80
                                },
                                "lg": {
                                    "width": 148,
                                    "height": 148
                                },
                                "xl": {
                                    "width": 148,
                                    "height": 148
                                }
                            }
                        }
                    }
                }
            }
        }
    },
    "sign-in": {
        "properties": {
            "Small": {
                "friendlyName": "Small",
                "description": "Small",
                "type": "layout",
                "properties": {
                    "facebookIcon": {
                        "friendlyName": "Facebook icon image settings",
                        "description": "Facebook icon image settings",
                        "type": "imageSizes",
                        "properties": {
                            "xs": {
                                "width": 32,
                                "height": 32
                            },
                            "lg": {
                                "width": 32,
                                "height": 32
                            },
                            "xl": {
                                "width": 32,
                                "height": 32
                            }
                        }
                    },
                    "microsoftIcon": {
                        "friendlyName": "Microsoft icon image settings",
                        "description": "Microsoft icon image settings",
                        "type": "imageSizes",
                        "properties": {
                            "xs": {
                                "width": 32,
                                "height": 32
                            },
                            "lg": {
                                "width": 32,
                                "height": 32
                            },
                            "xl": {
                                "width": 32,
                                "height": 32
                            }
                        }
                    }
                }
            }
        }
    },
    "gridSettings": {
        "xs": 767,
        "sm": 991,
        "md": 1199,
        "lg": 1599,
        "xl": 1600
    }
}